create table TBL_CUST_2023001 (
    CUST_NO CHAR(4) NOT NULL PRIMARY KEY,
    CUST_NAME VARCHAR2(14),
    CUST_TELE VARCHAR2(11)
);

INSERT INTO TBL_CUST_2023001 VALUES ('1001', '박선수', '01011112222');
INSERT INTO TBL_CUST_2023001 VALUES ('1002', '백선수', '01011113333');
INSERT INTO TBL_CUST_2023001 VALUES ('1003', '채선수', '01011114444');
INSERT INTO TBL_CUST_2023001 VALUES ('1004', '임선수', '01011115555');
INSERT INTO TBL_CUST_2023001 VALUES ('1005', '한선수', '01011116666');

CREATE TABLE TBL_COURT_202301 (
    COURT_NO CHAR(4) NOT NULL PRIMARY KEY,
    USED_FLAG CHAR(1) 
);

INSERT INTO TBL_COURT_202301 VALUES ('C001', 'N');
INSERT INTO TBL_COURT_202301 VALUES ('C002', 'N');
INSERT INTO TBL_COURT_202301 VALUES ('C003', 'N');
INSERT INTO TBL_COURT_202301 VALUES ('C004', 'N');
INSERT INTO TBL_COURT_202301 VALUES ('C005', 'N');
INSERT INTO TBL_COURT_202301 VALUES ('C006', 'N');
INSERT INTO TBL_COURT_202301 VALUES ('C007', 'N');
INSERT INTO TBL_COURT_202301 VALUES ('C008', 'N');
INSERT INTO TBL_COURT_202301 VALUES ('C009', 'N');

CREATE TABLE TBL_RESV_202301 (
    RESV_NO CHAR(8) NOT NULL PRIMARY KEY,
    RESV_DATE CHAR(8),
    COURT_NO CHAR(4),
    CUST_NO CHAR(4)
);

INSERT INTO TBL_RESV_202301 VALUES ('20230001', '20230101', 'C001', '1005');
INSERT INTO TBL_RESV_202301 VALUES ('20230002', '20230101', 'C002', '1004');
INSERT INTO TBL_RESV_202301 VALUES ('20230003', '20230101', 'C003', '1003');
INSERT INTO TBL_RESV_202301 VALUES ('20230004', '20230101', 'C004', '1002');
INSERT INTO TBL_RESV_202301 VALUES ('20230005', '20230101', 'C005', '1001');